Metric,P_Value,Significant,Better_System,Mean_Difference,GPT_Mean,GPT_Std,Gemini_Mean,Gemini_Std
ROUGE-1-F,0.19685455255421402,False,No significant difference,0.008991296250333847,0.3484219011479861,0.06778168213908765,0.35741319739831995,0.056229088476686485
ROUGE-2-F,0.058402880749781616,False,No significant difference,0.007914657987711446,0.09691542623802878,0.03995356558599738,0.10483008422574022,0.03686688572936121
ROUGE-L-F,0.9628961195248849,False,No significant difference,0.0011280948097811827,0.22685818862786808,0.04596118770118394,0.2257300938180869,0.03752019942154421
BERT-Score-F1-Raw,0.0368489142110775,True,GPT 3.5 Turbo,0.0025035917758940984,0.849166814982891,0.007538762392872956,0.8466632232069969,0.007038472825113379
BERT-Score-F1,0.0368489142110775,True,GPT 3.5 Turbo,0.014833968094899314,0.10630213065014686,0.04466772953223703,0.09146816255524755,0.04170347608757447
