Metric,Overall_Mean,Overall_Std,Overall_CV,Most_Variable_Combo,Most_Variable_CV,Least_Variable_Combo,Least_Variable_CV
ROUGE-1-F,0.35291754927315305,0.062043622294015686,0.17580203200945052,GPT 3.5 Turbo + Google,0.24337808176080022,Gemini 1.5 pro + Speechmatics,0.15000179686041654
ROUGE-2-F,0.1008727552318845,0.03840417438602205,0.38071899887872807,GPT 3.5 Turbo + Google,0.5004443853842027,Gemini 1.5 pro + Google,0.2971960660761514
ROUGE-L-F,0.22629414122297747,0.04169101250928473,0.18423372467343183,GPT 3.5 Turbo + Google,0.23380877821544108,Gemini 1.5 pro + Google,0.14382015468042147
BERT-Score-F1-Raw,0.847915019094944,0.0073552770365973835,0.008674545055763172,Gemini 1.5 pro + Whisper,0.010194263252895878,GPT 3.5 Turbo + Kaldi_NL,0.007466352109417239
BERT-Score-F1,0.0988851466026972,0.043580564908755934,0.44071902005520436,Gemini 1.5 pro + Whisper,0.6088220893863863,GPT 3.5 Turbo + Kaldi_NL,0.36468401743831586
